{"train acc": 0.9296875, "train loss": 0.2392497681081295, "train_f1_score": 0.908044141716721, "_timestamp": 1681840245.9398596, "valid acc": 0.9338624338624338, "valid loss": 0.21837540633850178, "valid_f1_score": 0.9333003390306116, "_runtime": 717.578385591507, "_step": 2, "_wandb": {"runtime": 717}}