{"train acc": 0.9984375, "train loss": 0.07501055561006069, "train_f1_score": 0.9986373306060391, "_timestamp": 1681850921.673572, "valid acc": 0.9944444444444445, "valid loss": 0.07664978655718141, "valid_f1_score": 0.9954974426711773, "_runtime": 4754.417073965073, "_step": 19, "_wandb": {"runtime": 4753}}