{"train acc": 0.9375, "train loss": 0.005668383889133111, "train_f1_score": 0.9257530151319695, "_timestamp": 1681910285.32583, "valid acc": 0.9423280423280423, "valid loss": 0.004095989652372644, "valid_f1_score": 0.9431415332504793, "_runtime": 1536.155667066574, "_step": 6}