{"train acc": 0.9953125, "train loss": 0.013158156169811263, "train_f1_score": 0.9972826086956522, "_timestamp": 1681965102.6795642, "valid acc": 0.9936507936507937, "valid loss": 0.01602737371612713, "valid_f1_score": 0.9947030969464762, "_runtime": 5449.646695137024, "_step": 23}