{"train acc": 0.9953125, "train loss": 0.014198932764702476, "train_f1_score": 0.9986414703524581, "_timestamp": 1681936590.3575082, "valid acc": 0.9944444444444445, "valid loss": 0.016569118471510345, "valid_f1_score": 0.995504635714033, "_runtime": 4540.429473161697, "_step": 19, "_wandb": {"runtime": 4539}}