{"train acc": 0.9796875, "train loss": 0.001164244904066436, "train_f1_score": 0.9695188298548381, "_timestamp": 1681784828.0529165, "valid acc": 0.960577456968351, "valid loss": 0.0021078802518829996, "valid_f1_score": 0.9689541937020837, "_runtime": 4684.268111467361, "_step": 20, "_wandb": {"runtime": 4683}}