{"train acc": 0.996875, "train loss": 0.5780611395835876, "train_f1_score": 0.9926789844997557, "_timestamp": 1681791337.8485255, "valid acc": 0.9736257634647418, "valid loss": 0.5960961966287522, "valid_f1_score": 0.9822918286875225, "_runtime": 4676.107259511948, "_step": 20, "_wandb": {"runtime": 4675}}