{"train acc": 0.9765625, "train loss": 0.010226423642598093, "train_f1_score": 0.8976448562753474, "_timestamp": 1681834911.2279978, "valid acc": 0.9791005291005291, "valid loss": 0.004286125665372711, "valid_f1_score": 0.9796684675113273, "_runtime": 241.68628668785095, "_step": 0, "_wandb": {"runtime": 240}}