{"train acc": 0.996875, "train loss": 0.014608999772462994, "train_f1_score": 0.9972826086956522, "_timestamp": 1681971301.7092228, "valid acc": 0.9952380952380953, "valid loss": 0.016138133865012096, "valid_f1_score": 0.9962937940497705, "_runtime": 5627.882256746292, "_step": 23, "_wandb": {"runtime": 5627}}