{"train acc": 0.6958333333333333, "train loss": 1.1511256784200667, "train_f1_score": 0.5926413332370497, "_timestamp": 1681888099.7646263, "valid acc": 0.7465608465608465, "valid loss": 0.9439391957388984, "valid_f1_score": 0.6940407686403941, "_runtime": 468.37038922309875, "_step": 1}