{"train acc": 0.9984375, "train loss": 0.008647560776444152, "train_f1_score": 0.9986386725678836, "_timestamp": 1681900678.6007726, "valid acc": 0.9968253968253968, "valid loss": 0.013296740769134377, "valid_f1_score": 0.9978803865672827, "_runtime": 2248.083828687668, "_step": 9, "_wandb": {"runtime": 2273}}