{"train acc": 0.8029411764705883, "train loss": 0.21918151415884496, "train_f1_score": 0.7829432122324624, "_timestamp": 1681735359.0021346, "valid acc": 0.8270405330372016, "valid loss": 0.18535525880399203, "valid_f1_score": 0.7993529008643109, "_runtime": 557.0689516067505, "_step": 2, "_wandb": {"runtime": 562}}