{"train acc": 0.996875, "train loss": 0.08173865638673306, "train_f1_score": 0.9986414703524581, "_timestamp": 1681931924.4136946, "valid acc": 0.994973544973545, "valid loss": 0.07834631551877927, "valid_f1_score": 0.9960289885087568, "_runtime": 4541.778792619705, "_step": 19, "_wandb": {"runtime": 4541}}