{"train acc": 0.9764705882352942, "train loss": 0.001417994368239306, "train_f1_score": 0.9687226478036741, "_timestamp": 1681740040.2845342, "valid acc": 0.9541921154913937, "valid loss": 0.003071849150434164, "valid_f1_score": 0.9626042125948471, "_runtime": 4456.930810213089, "_step": 19, "_wandb": {"runtime": 4456}}