{"train acc": 0.9953125, "train loss": 0.013646933922427707, "train_f1_score": 0.9986385308297829, "_timestamp": 1681875562.5087495, "valid acc": 0.9957671957671957, "valid loss": 0.016281805993935836, "valid_f1_score": 0.9968224457103181, "_runtime": 3872.9596495628357, "_step": 10, "_wandb": {"runtime": 3918}}