{"train acc": 0.9984375, "train loss": 0.07267235256731511, "train_f1_score": 0.9986385897582771, "_timestamp": 1681838192.8560388, "valid acc": 0.9962962962962963, "valid loss": 0.07286367110781751, "valid_f1_score": 0.9973481247165025, "_runtime": 717.5769588947296, "_step": 2, "_wandb": {"runtime": 717}}