{"train acc": 0.9984375, "train loss": 0.011630290321772919, "train_f1_score": 0.9972826086956522, "_timestamp": 1681955888.308829, "valid acc": 0.9939153439153439, "valid loss": 0.016779077740882373, "valid_f1_score": 0.9949699383375548, "_runtime": 4636.913764953613, "_step": 19, "_wandb": {"runtime": 4636}}