{"train acc": 0.9875, "train loss": 0.045923229726031425, "train_f1_score": 0.9929517797959723, "_timestamp": 1681895274.6103742, "valid acc": 0.9777777777777777, "valid loss": 0.0711658030364012, "valid_f1_score": 0.9774663175752183, "_runtime": 6958.591566324234, "_step": 29, "_wandb": {"runtime": 6958}}