{"train acc": 1.0, "train loss": 0.0023480490268411812, "train_f1_score": 0.9986418057540803, "_timestamp": 1681879276.0992622, "valid acc": 0.9968253968253968, "valid loss": 0.004809894440383024, "valid_f1_score": 0.9978816021323259, "_runtime": 3545.2135462760925, "_step": 14, "_wandb": {"runtime": 3565}}