{"train acc": 0.9953125, "train loss": 0.014534476707922295, "train_f1_score": 0.9986414703524581, "_timestamp": 1681976152.9362922, "valid acc": 0.9925925925925926, "valid loss": 0.01952866225190642, "valid_f1_score": 0.9936559469947914, "_runtime": 4535.003111124039, "_step": 19, "_wandb": {"runtime": 4534}}