{"train acc": 0.984375, "train loss": 0.0009089475093787769, "train_f1_score": 0.9669611743343058, "_timestamp": 1681756178.8568995, "valid acc": 0.9578012215435869, "valid loss": 0.0025423593935470093, "valid_f1_score": 0.9661619486531341, "_runtime": 4469.163937568665, "_step": 19, "_wandb": {"runtime": 4468}}