{"train acc": 0.23970588235294116, "train loss": 2.4258029103279113, "train_f1_score": 0.18911791013364201, "_timestamp": 1681733839.7155778, "_runtime": 33.149842739105225, "_step": 0, "_wandb": {"runtime": 36}}