{"train acc": 0.99375, "train loss": 0.0198452940734569, "train_f1_score": 0.9972837001314412, "_timestamp": 1681883676.526219, "valid acc": 0.9939153439153439, "valid loss": 0.016053767839320384, "valid_f1_score": 0.9949684912075313, "_runtime": 4256.622352838516, "_step": 17, "_wandb": {"runtime": 4276}}