{"train acc": 0.915625, "train loss": 0.09312432408332824, "train_f1_score": 0.9307984294550383, "_timestamp": 1681846019.2573726, "valid acc": 0.723015873015873, "valid loss": 0.3823952556161557, "valid_f1_score": 0.6758675169649594, "_runtime": 869.0699265003204, "_step": 2, "_wandb": {"runtime": 888}}