{"train acc": 0.996875, "train loss": 0.010734243999468162, "train_f1_score": 0.9986379407869168, "_timestamp": 1681957952.0810275, "valid acc": 0.9883597883597883, "valid loss": 0.026855881828558237, "valid_f1_score": 0.989423456947985, "_runtime": 1938.9798214435577, "_step": 14, "_wandb": {"runtime": 1938}}